{"is_source_file": true, "format": "JavaScript (React JSX)", "description": "This file defines an EmptyState React functional component used to display a generic empty state message in a UI.", "external_files": ["react"], "external_methods": [], "published": ["default"], "classes": [], "methods": [{"name": "EmptyState({ title, description, action })", "description": "A React functional component that renders a standardized empty state with optional title, description, and action elements.", "scope": "", "scopeKind": ""}], "calls": ["React"], "search-terms": ["EmptyState", "React component", "UI empty state", "functional component", "role=status", "aria-live=polite"], "state": 2, "file_id": 17, "knowledge_revision": 43, "git_revision": "91d8f4f060d5ec14775043c323f8b14201056d7c", "ctags": [{"_type": "tag", "name": "EmptyState", "path": "/home/kavia/workspace/code-generation/simple-notes-app-199045-199054/notes_frontend/src/components/EmptyState.js", "pattern": "/^export default function EmptyState({ title, description, action }) {$/", "language": "JavaScript", "kind": "function", "signature": "({ title, description, action })"}], "hash": "6bbc2e4e1df595e0c4fb2b3fd17020fe", "format-version": 4, "code-base-name": "notes_frontend", "filename": "notes_frontend/src/components/EmptyState.js", "revision_history": [{"43": "91d8f4f060d5ec14775043c323f8b14201056d7c"}]}