{"is_source_file": true, "format": "JavaScript (React JSX)", "description": "This file is the entry point for a React application, responsible for rendering the root component into the DOM.", "external_files": ["react", "react-dom/client", "./index.css", "./App"], "external_methods": ["ReactDOM.createRoot", "root.render"], "published": [], "classes": [], "methods": [{"name": "render", "description": "Renders the React application hierarchy within the specified DOM node."}], "calls": ["ReactDOM.createRoot", "root.render", "document.getElementById", "React.StrictMode", "<App />"], "search-terms": ["index.js", "ReactDOM", "React.StrictMode", "App component", "entry point"], "state": 2, "file_id": 11, "knowledge_revision": 25, "git_revision": "3523bb550b87eec32b85a03cf14ea25251aab8c2", "ctags": [{"_type": "tag", "name": "root", "path": "/home/kavia/workspace/code-generation/simple-notes-app-199045-199054/notes_frontend/src/index.js", "pattern": "/^const root = ReactDOM.createRoot(document.getElementById('root'));$/", "language": "JavaScript", "kind": "constant"}], "hash": "9fc5841375336fc175b49f8767a11383", "format-version": 4, "code-base-name": "notes_frontend", "filename": "notes_frontend/src/index.js", "revision_history": [{"25": "3523bb550b87eec32b85a03cf14ea25251aab8c2"}]}