{"is_source_file": false, "format": "", "description": "", "external_files": [], "external_methods": [], "published": [], "classes": [], "methods": [], "calls": [], "search-terms": [], "state": 2, "file_id": 4, "knowledge_revision": 19, "git_revision": "3523bb550b87eec32b85a03cf14ea25251aab8c2", "hash": "d2b40d02d5f7873d8a6713bad837edd4", "format-version": 4, "code-base-name": "notes_frontend", "filename": "notes_frontend/public/index.html", "revision_history": [{"19": "3523bb550b87eec32b85a03cf14ea25251aab8c2"}]}