{"is_source_file": true, "format": "JavaScript (React JSX)", "description": "This is the main React component file for the notes application, defining the App component which manages state, interactions, and layout of the app.", "external_files": ["./components/Header", "./components/NotesList", "./components/Editor", "./hooks/useLocalStorage", "./hooks/useNotes", "./App.css"], "external_methods": ["useLocalStorage", "useNotes", "setNotes", "setTheme", "setSelectedId", "setQuery", "setSort", "deleteNote", "createNote", "updateNote"], "published": ["App"], "classes": [], "methods": [{"name": "ensureSeedNotes(existing)", "description": "Ensures that initial seed notes are present; returns existing notes or creates a welcome note if none exist.", "scope": "", "scopeKind": ""}, {"name": "App()", "description": "Main functional React component for the notes application, managing themes, notes, and user interactions.", "scope": "", "scopeKind": ""}, {"name": "toggleTheme", "description": "Switches the theme between 'light' and 'dark'."}, {"name": "onDeleteNote", "description": "Handles deletion of a note, with user confirmation."}, {"name": "onChangeTitle", "description": "Updates a note's title."}, {"name": "onChangeBody", "description": "Updates a note's body content."}], "calls": ["useLocalStorage", "useNotes", "setNotes", "window.confirm", "setTheme", "document.documentElement.setAttribute", "ensureSeedNotes"], "search-terms": ["React App component", "local storage notes", "theme toggle", "useNotes hook", "ensureSeedNotes function"], "state": 2, "file_id": 10, "knowledge_revision": 35, "git_revision": "91d8f4f060d5ec14775043c323f8b14201056d7c", "revision_history": [{"24": "3523bb550b87eec32b85a03cf14ea25251aab8c2"}, {"35": "91d8f4f060d5ec14775043c323f8b14201056d7c"}], "ctags": [{"_type": "tag", "name": "App", "path": "/home/kavia/workspace/code-generation/simple-notes-app-199045-199054/notes_frontend/src/App.js", "pattern": "/^function App() {$/", "language": "JavaScript", "kind": "function", "signature": "()"}, {"_type": "tag", "name": "STORAGE_KEYS", "path": "/home/kavia/workspace/code-generation/simple-notes-app-199045-199054/notes_frontend/src/App.js", "pattern": "/^const STORAGE_KEYS = {$/", "language": "JavaScript", "kind": "class"}, {"_type": "tag", "name": "createNote", "path": "/home/kavia/workspace/code-generation/simple-notes-app-199045-199054/notes_frontend/src/App.js", "pattern": "/^            onAddNote={createNote}$/", "language": "JavaScript", "kind": "field", "scope": "App.onAddNote", "scopeKind": "class"}, {"_type": "tag", "name": "ensureSeedNotes", "path": "/home/kavia/workspace/code-generation/simple-notes-app-199045-199054/notes_frontend/src/App.js", "pattern": "/^function ensureSeedNotes(existing) {$/", "language": "JavaScript", "kind": "function", "signature": "(existing)"}, {"_type": "tag", "name": "notes", "path": "/home/kavia/workspace/code-generation/simple-notes-app-199045-199054/notes_frontend/src/App.js", "pattern": "/^  notes: 'notes_app.notes',$/", "language": "JavaScript", "kind": "property", "scope": "STORAGE_KEYS", "scopeKind": "class"}, {"_type": "tag", "name": "onDeleteNote", "path": "/home/kavia/workspace/code-generation/simple-notes-app-199045-199054/notes_frontend/src/App.js", "pattern": "/^            onDeleteNote={onDeleteNote}$/", "language": "JavaScript", "kind": "field", "scope": "App.onDeleteNote", "scopeKind": "class"}, {"_type": "tag", "name": "query", "path": "/home/kavia/workspace/code-generation/simple-notes-app-199045-199054/notes_frontend/src/App.js", "pattern": "/^            query={query}$/", "language": "JavaScript", "kind": "field", "scope": "App.query", "scopeKind": "class"}, {"_type": "tag", "name": "selectedId", "path": "/home/kavia/workspace/code-generation/simple-notes-app-199045-199054/notes_frontend/src/App.js", "pattern": "/^            selectedId={selectedId}$/", "language": "JavaScript", "kind": "field", "scope": "App.selectedId", "scopeKind": "class"}, {"_type": "tag", "name": "setQuery", "path": "/home/kavia/workspace/code-generation/simple-notes-app-199045-199054/notes_frontend/src/App.js", "pattern": "/^            onQueryChange={setQuery}$/", "language": "JavaScript", "kind": "field", "scope": "App.onQueryChange", "scopeKind": "class"}, {"_type": "tag", "name": "setSelectedId", "path": "/home/kavia/workspace/code-generation/simple-notes-app-199045-199054/notes_frontend/src/App.js", "pattern": "/^            onSelect={setSelectedId}$/", "language": "JavaScript", "kind": "field", "scope": "App.onSelect", "scopeKind": "class"}, {"_type": "tag", "name": "setSort", "path": "/home/kavia/workspace/code-generation/simple-notes-app-199045-199054/notes_frontend/src/App.js", "pattern": "/^            onSortChange={setSort}$/", "language": "JavaScript", "kind": "field", "scope": "App.onSortChange", "scopeKind": "class"}, {"_type": "tag", "name": "sort", "path": "/home/kavia/workspace/code-generation/simple-notes-app-199045-199054/notes_frontend/src/App.js", "pattern": "/^            sort={sort}$/", "language": "JavaScript", "kind": "field", "scope": "App.sort", "scopeKind": "class"}, {"_type": "tag", "name": "theme", "path": "/home/kavia/workspace/code-generation/simple-notes-app-199045-199054/notes_frontend/src/App.js", "pattern": "/^  theme: 'notes_app.theme',$/", "language": "JavaScript", "kind": "property", "scope": "STORAGE_KEYS", "scopeKind": "class"}, {"_type": "tag", "name": "visibleNotes", "path": "/home/kavia/workspace/code-generation/simple-notes-app-199045-199054/notes_frontend/src/App.js", "pattern": "/^            notes={visibleNotes}$/", "language": "JavaScript", "kind": "field", "scope": "App.notes", "scopeKind": "class"}], "hash": "14527809d0b6b5c4239cc47cc081b4c1", "format-version": 4, "code-base-name": "notes_frontend", "filename": "notes_frontend/src/App.js", "fields": [{"name": "onAddNote={createNote}", "scope": "App.onAddNote", "scopeKind": "class", "description": "unavailable"}, {"name": "notes: 'notes_app.notes',", "scope": "STORAGE_KEYS", "scopeKind": "class", "description": "unavailable"}, {"name": "onDeleteNote={onDeleteNote}", "scope": "App.onDeleteNote", "scopeKind": "class", "description": "unavailable"}, {"name": "query={query}", "scope": "App.query", "scopeKind": "class", "description": "unavailable"}, {"name": "selectedId={selectedId}", "scope": "App.selectedId", "scopeKind": "class", "description": "unavailable"}, {"name": "onQueryChange={setQuery}", "scope": "App.onQueryChange", "scopeKind": "class", "description": "unavailable"}, {"name": "onSelect={setSelectedId}", "scope": "App.onSelect", "scopeKind": "class", "description": "unavailable"}, {"name": "onSortChange={setSort}", "scope": "App.onSortChange", "scopeKind": "class", "description": "unavailable"}, {"name": "sort={sort}", "scope": "App.sort", "scopeKind": "class", "description": "unavailable"}, {"name": "theme: 'notes_app.theme',", "scope": "STORAGE_KEYS", "scopeKind": "class", "description": "unavailable"}, {"name": "notes={visibleNotes}", "scope": "App.notes", "scopeKind": "class", "description": "unavailable"}]}