{"is_source_file": true, "file_id": 16, "git_revision": "", "state": 1, "description": "", "external_files": [], "external_methods": [], "published": [], "classes": [], "methods": [], "calls": [], "search-terms": [], "ctags": [{"_type": "tag", "name": "SearchBar", "path": "/home/kavia/workspace/code-generation/simple-notes-app-199045-199054/notes_frontend/src/components/SearchBar.js", "pattern": "/^export default function SearchBar({ value, onChange }) {$/", "language": "JavaScript", "kind": "function", "signature": "({ value, onChange })"}, {"_type": "tag", "name": "value", "path": "/home/kavia/workspace/code-generation/simple-notes-app-199045-199054/notes_frontend/src/components/SearchBar.js", "pattern": "/^        value={value}$/", "language": "JavaScript", "kind": "field", "scope": "SearchBar.value", "scopeKind": "class"}], "format": "JavaScript", "hash": "9299a6dee2f86c082ca9316356edcfd1", "format-version": 4, "code-base-name": "notes_frontend", "filename": "notes_frontend/src/components/SearchBar.js", "knowledge_revision": 29}