{"is_source_file": true, "format": "JavaScript (React JSX)", "description": "A React functional component named SearchBar that provides a search input for filtering notes by title or body.", "external_files": [], "external_methods": ["React"], "published": [], "classes": [], "methods": [{"name": "SearchBar({ value, onChange })", "description": "A React functional component that renders a search input with label, handling user input via onChange callback.", "scope": "", "scopeKind": ""}], "calls": ["onChange(e.target.value)"], "search-terms": ["SearchBar", "search input", "filter notes", "React component", "notes-front-end", "jsx", "search by title or body"], "state": 2, "file_id": 16, "knowledge_revision": 42, "git_revision": "91d8f4f060d5ec14775043c323f8b14201056d7c", "ctags": [{"_type": "tag", "name": "SearchBar", "path": "/home/kavia/workspace/code-generation/simple-notes-app-199045-199054/notes_frontend/src/components/SearchBar.js", "pattern": "/^export default function SearchBar({ value, onChange }) {$/", "language": "JavaScript", "kind": "function", "signature": "({ value, onChange })"}, {"_type": "tag", "name": "value", "path": "/home/kavia/workspace/code-generation/simple-notes-app-199045-199054/notes_frontend/src/components/SearchBar.js", "pattern": "/^        value={value}$/", "language": "JavaScript", "kind": "field", "scope": "SearchBar.value", "scopeKind": "class"}], "hash": "9299a6dee2f86c082ca9316356edcfd1", "format-version": 4, "code-base-name": "notes_frontend", "filename": "notes_frontend/src/components/SearchBar.js", "fields": [{"name": "value={value}", "scope": "SearchBar.value", "scopeKind": "class", "description": "unavailable"}], "revision_history": [{"42": "91d8f4f060d5ec14775043c323f8b14201056d7c"}]}