{"is_source_file": true, "format": "JavaScript", "description": "This file defines a React hook called useNotes that manages a list of note objects. It provides functionalities such as creating, updating, deleting notes, filtering by search query, and sorting. It also implements internal utility functions for ID generation and query normalization.", "external_files": ["react"], "external_methods": ["useEffect", "useMemo", "useState"], "published": ["useNotes"], "classes": [], "methods": [{"name": "useNotes(notes, setNotes)", "description": "Main hook providing notes management including creation, updating, deletion, filtering, and sorting.", "scope": "", "scopeKind": ""}, {"name": "nowIso()", "description": "Utility function returning current date-time as ISO string.", "scope": "", "scopeKind": ""}, {"name": "makeId()", "description": "Utility function generating a reasonably unique ID for notes.", "scope": "", "scopeKind": ""}, {"name": "normalizeQuery(q)", "description": "Utility function trimming and lowercasing the search query.", "scope": "", "scopeKind": ""}, {"name": "noteMatchesQuery(note, query)", "description": "Function to determine if a note matches a normalized search query based on title and body.", "scope": "", "scopeKind": ""}], "calls": ["useEffect", "useMemo", "useState", "noteMatchesQuery", "normalizeQuery", "new Date", "setNotes", "setSelectedId", "makeId", "nowIso"], "search-terms": ["React hook", "notes management", "filter notes", "sort notes", "create notes", "update notes", "delete notes", "useState", "useEffect", "useMemo"], "state": 2, "file_id": 14, "knowledge_revision": 37, "git_revision": "91d8f4f060d5ec14775043c323f8b14201056d7c", "ctags": [{"_type": "tag", "name": "body", "path": "/home/kavia/workspace/code-generation/simple-notes-app-199045-199054/notes_frontend/src/hooks/useNotes.js", "pattern": "/^      body: '',$/", "language": "JavaScript", "kind": "property", "scope": "useNotes.newNote", "scopeKind": "class"}, {"_type": "tag", "name": "createdAt", "path": "/home/kavia/workspace/code-generation/simple-notes-app-199045-199054/notes_frontend/src/hooks/useNotes.js", "pattern": "/^      createdAt,$/", "language": "JavaScript", "kind": "field", "scope": "useNotes.newNote", "scopeKind": "class"}, {"_type": "tag", "name": "id", "path": "/home/kavia/workspace/code-generation/simple-notes-app-199045-199054/notes_frontend/src/hooks/useNotes.js", "pattern": "/^      id: makeId(),$/", "language": "JavaScript", "kind": "property", "scope": "useNotes.newNote", "scopeKind": "class"}, {"_type": "tag", "name": "makeId", "path": "/home/kavia/workspace/code-generation/simple-notes-app-199045-199054/notes_frontend/src/hooks/useNotes.js", "pattern": "/^function makeId() {$/", "language": "JavaScript", "kind": "function", "signature": "()"}, {"_type": "tag", "name": "newNote", "path": "/home/kavia/workspace/code-generation/simple-notes-app-199045-199054/notes_frontend/src/hooks/useNotes.js", "pattern": "/^    const newNote = {$/", "language": "JavaScript", "kind": "class", "scope": "useNotes", "scopeKind": "class"}, {"_type": "tag", "name": "normalizeQuery", "path": "/home/kavia/workspace/code-generation/simple-notes-app-199045-199054/notes_frontend/src/hooks/useNotes.js", "pattern": "/^function normalizeQuery(q) {$/", "language": "JavaScript", "kind": "function", "signature": "(q)"}, {"_type": "tag", "name": "noteMatchesQuery", "path": "/home/kavia/workspace/code-generation/simple-notes-app-199045-199054/notes_frontend/src/hooks/useNotes.js", "pattern": "/^function noteMatchesQuery(note, query) {$/", "language": "JavaScript", "kind": "function", "signature": "(note, query)"}, {"_type": "tag", "name": "nowIso", "path": "/home/kavia/workspace/code-generation/simple-notes-app-199045-199054/notes_frontend/src/hooks/useNotes.js", "pattern": "/^function nowIso() {$/", "language": "JavaScript", "kind": "function", "signature": "()"}, {"_type": "tag", "name": "title", "path": "/home/kavia/workspace/code-generation/simple-notes-app-199045-199054/notes_frontend/src/hooks/useNotes.js", "pattern": "/^      title: 'Untitled',$/", "language": "JavaScript", "kind": "property", "scope": "useNotes.newNote", "scopeKind": "class"}, {"_type": "tag", "name": "useNotes", "path": "/home/kavia/workspace/code-generation/simple-notes-app-199045-199054/notes_frontend/src/hooks/useNotes.js", "pattern": "/^export function useNotes(notes, setNotes) {$/", "language": "JavaScript", "kind": "function", "signature": "(notes, setNotes)"}], "hash": "ba0ec6e3dae91928c2c7874db7f87b73", "format-version": 4, "code-base-name": "notes_frontend", "filename": "notes_frontend/src/hooks/useNotes.js", "fields": [{"name": "body: '',", "scope": "useNotes.newNote", "scopeKind": "class", "description": "unavailable"}, {"name": "createdAt,", "scope": "useNotes.newNote", "scopeKind": "class", "description": "unavailable"}, {"name": "id: makeId(),", "scope": "useNotes.newNote", "scopeKind": "class", "description": "unavailable"}, {"name": "title: 'Untitled',", "scope": "useNotes.newNote", "scopeKind": "class", "description": "unavailable"}], "revision_history": [{"37": "91d8f4f060d5ec14775043c323f8b14201056d7c"}]}