{"is_source_file": true, "file_id": 17, "git_revision": "", "state": 1, "description": "", "external_files": [], "external_methods": [], "published": [], "classes": [], "methods": [], "calls": [], "search-terms": [], "ctags": [{"_type": "tag", "name": "EmptyState", "path": "/home/kavia/workspace/code-generation/simple-notes-app-199045-199054/notes_frontend/src/components/EmptyState.js", "pattern": "/^export default function EmptyState({ title, description, action }) {$/", "language": "JavaScript", "kind": "function", "signature": "({ title, description, action })"}], "format": "JavaScript", "hash": "6bbc2e4e1df595e0c4fb2b3fd17020fe", "format-version": 4, "code-base-name": "notes_frontend", "filename": "notes_frontend/src/components/EmptyState.js", "knowledge_revision": 30}