{"is_source_file": true, "format": "JavaScript (React JSX)", "description": "This file defines a React functional component named 'Editor' used for editing notes within a note-taking application. It manages local state for note title and body, handles note updates, displays note metadata, and manages conditional rendering based on the presence of a note.", "external_files": ["./EmptyState"], "external_methods": ["EmptyState (component)", "setTitle", "setBody", "onChangeTitle", "onChangeBody", "onAddNote"], "published": ["Editor"], "classes": [], "methods": [{"name": "formatFullDate(iso)", "description": "Formats an ISO date string into a locale-specific string, returning an empty string if parsing fails.", "scope": "", "scopeKind": ""}, {"name": "Editor({ note, onChangeTitle, onChangeBody, onAddNote })", "scope": "", "scopeKind": "", "description": "unavailable"}], "calls": ["React.useEffect", "React.useMemo", "useState", "formatFullDate", "setTitle", "setBody", "onChangeTitle", "onChangeBody", "onAddNote"], "search-terms": ["React component", "note editor", "useEffect", "useMemo", "local state", "note metadata", "Auto-save", "Conditional rendering", "EmptyState", "notes"], "state": 2, "file_id": 20, "knowledge_revision": 46, "git_revision": "91d8f4f060d5ec14775043c323f8b14201056d7c", "ctags": [{"_type": "tag", "name": "12", "path": "/home/kavia/workspace/code-generation/simple-notes-app-199045-199054/notes_frontend/src/components/Editor.js", "pattern": "/^          rows={12}$/", "language": "JavaScript", "kind": "field", "scope": "Editor.rows", "scopeKind": "class"}, {"_type": "tag", "name": "Editor", "path": "/home/kavia/workspace/code-generation/simple-notes-app-199045-199054/notes_frontend/src/components/Editor.js", "pattern": "/^export default function Editor({ note, onChangeTitle, onChangeBody, onAddNote }) {$/", "language": "JavaScript", "kind": "function", "signature": "({ note, onChangeTitle, onChangeBody, onAddNote })"}, {"_type": "tag", "name": "body", "path": "/home/kavia/workspace/code-generation/simple-notes-app-199045-199054/notes_frontend/src/components/Editor.js", "pattern": "/^          value={body}$/", "language": "JavaScript", "kind": "field", "scope": "Editor.value", "scopeKind": "class"}, {"_type": "tag", "name": "formatFullDate", "path": "/home/kavia/workspace/code-generation/simple-notes-app-199045-199054/notes_frontend/src/components/Editor.js", "pattern": "/^function formatFullDate(iso) {$/", "language": "JavaScript", "kind": "function", "signature": "(iso)"}, {"_type": "tag", "name": "title", "path": "/home/kavia/workspace/code-generation/simple-notes-app-199045-199054/notes_frontend/src/components/Editor.js", "pattern": "/^          value={title}$/", "language": "JavaScript", "kind": "field", "scope": "Editor.value", "scopeKind": "class"}], "hash": "41ff4f3f94a53730d299652d47ad3be3", "format-version": 4, "code-base-name": "notes_frontend", "filename": "notes_frontend/src/components/Editor.js", "fields": [{"name": "rows={12}", "scope": "Editor.rows", "scopeKind": "class", "description": "unavailable"}, {"name": "value={body}", "scope": "Editor.value", "scopeKind": "class", "description": "unavailable"}, {"name": "value={title}", "scope": "Editor.value", "scopeKind": "class", "description": "unavailable"}], "revision_history": [{"46": "91d8f4f060d5ec14775043c323f8b14201056d7c"}]}