{"is_source_file": true, "format": "JavaScript (React component)", "description": "This file defines a React functional component named NoteItem, which displays a single note with its title, preview, update date, and delete button. It also includes a utility function for formatting the date.", "external_files": [], "external_methods": ["React"], "published": ["default export: NoteItem"], "classes": [], "methods": [{"name": "formatUpdatedAt(iso)", "description": "Formats an ISO timestamp into a localized date string; returns empty string if formatting fails.", "scope": "", "scopeKind": ""}, {"name": "NoteItem({ note, isActive, onSelect, onDelete })", "description": "React component that renders a note item with title, date, preview, and delete button.", "scope": "", "scopeKind": ""}], "calls": ["react"], "search-terms": ["NoteItem", "React component", "formatUpdatedAt", "onDelete", "isActive"], "state": 2, "file_id": 18, "knowledge_revision": 44, "git_revision": "91d8f4f060d5ec14775043c323f8b14201056d7c", "ctags": [{"_type": "tag", "name": "Delete note ${title}", "path": "/home/kavia/workspace/code-generation/simple-notes-app-199045-199054/notes_frontend/src/components/NoteItem.js", "pattern": "/^        aria-label={`Delete note ${title}`}$/", "language": "JavaScript", "kind": "field", "scope": "NoteItem.aria", "scopeKind": "class"}, {"_type": "tag", "name": "NoteItem ${isActive ? 'NoteItem--active' : ''}", "path": "/home/kavia/workspace/code-generation/simple-notes-app-199045-199054/notes_frontend/src/components/NoteItem.js", "pattern": "/^    <div className={`NoteItem ${isActive ? 'NoteItem--active' : ''}`}>$/", "language": "JavaScript", "kind": "field", "scope": "NoteItem.AnonymousClass9d316daa0101", "scopeKind": "class"}, {"_type": "tag", "name": "NoteItem", "path": "/home/kavia/workspace/code-generation/simple-notes-app-199045-199054/notes_frontend/src/components/NoteItem.js", "pattern": "/^export default function NoteItem({ note, isActive, onSelect, onDelete }) {$/", "language": "JavaScript", "kind": "function", "signature": "({ note, isActive, onSelect, onDelete })"}, {"_type": "tag", "name": "formatUpdatedAt", "path": "/home/kavia/workspace/code-generation/simple-notes-app-199045-199054/notes_frontend/src/components/NoteItem.js", "pattern": "/^function formatUpdatedAt(iso) {$/", "language": "JavaScript", "kind": "function", "signature": "(iso)"}, {"_type": "tag", "name": "isActive", "path": "/home/kavia/workspace/code-generation/simple-notes-app-199045-199054/notes_frontend/src/components/NoteItem.js", "pattern": "/^        aria-current={isActive ? 'true' : 'false'}$/", "language": "JavaScript", "kind": "field", "scope": "NoteItem.aria", "scopeKind": "class"}], "hash": "7cb4c42c71c5c2805e8fa14188b00642", "format-version": 4, "code-base-name": "notes_frontend", "filename": "notes_frontend/src/components/NoteItem.js", "fields": [{"name": "aria-label={`Delete note ${title}`}", "scope": "NoteItem.aria", "scopeKind": "class", "description": "unavailable"}, {"name": "<div className={`NoteItem ${isActive ? 'NoteItem--active' : ''}`}>", "scope": "NoteItem.AnonymousClass9d316daa0101", "scopeKind": "class", "description": "unavailable"}, {"name": "aria-current={isActive ? 'true' : 'false'}", "scope": "NoteItem.aria", "scopeKind": "class", "description": "unavailable"}], "revision_history": [{"44": "91d8f4f060d5ec14775043c323f8b14201056d7c"}]}