{"is_source_file": true, "format": "JavaScript", "description": "Test setup file for configuring Jest testing environment with custom matchers for DOM assertions, specifically importing '@testing-library/jest-dom'.", "external_files": ["@testing-library/jest-dom"], "external_methods": [], "published": [], "classes": [], "methods": [], "calls": ["import '@testing-library/jest-dom'"], "search-terms": ["setupTests.js", "jest-dom", "testing-library"], "state": 2, "file_id": 12, "knowledge_revision": 21, "git_revision": "3523bb550b87eec32b85a03cf14ea25251aab8c2", "ctags": [], "hash": "1a77571e1a8cf36018a41bcedf60db75", "format-version": 4, "code-base-name": "notes_frontend", "filename": "notes_frontend/src/setupTests.js", "revision_history": [{"21": "3523bb550b87eec32b85a03cf14ea25251aab8c2"}]}