{"is_source_file": false, "format": "", "description": "", "external_files": [], "external_methods": [], "published": [], "classes": [], "methods": [], "calls": [], "search-terms": [], "state": 2, "file_id": 2, "knowledge_revision": 14, "git_revision": "3523bb550b87eec32b85a03cf14ea25251aab8c2", "hash": "d001d53c059625c4bcf75bf5a7f3fcf0", "format-version": 4, "code-base-name": "notes_frontend", "filename": "notes_frontend/package.json", "revision_history": [{"14": "3523bb550b87eec32b85a03cf14ea25251aab8c2"}]}