{"is_source_file": false, "format": "", "description": "", "external_files": [], "external_methods": [], "published": [], "classes": [], "methods": [], "calls": [], "search-terms": ["App.css", "theme tokens", "CSS variables", "dark mode", "Light theme", "CSS custom properties"], "state": 2, "file_id": 9, "knowledge_revision": 36, "git_revision": "91d8f4f060d5ec14775043c323f8b14201056d7c", "hash": "a93477e3284feb96f4d8e5bd5c4d5357", "format-version": 4, "code-base-name": "notes_frontend", "filename": "notes_frontend/src/App.css", "revision_history": [{"36": "91d8f4f060d5ec14775043c323f8b14201056d7c"}]}