{"is_source_file": true, "file_id": 14, "git_revision": "", "state": 1, "description": "", "external_files": [], "external_methods": [], "published": [], "classes": [], "methods": [], "calls": [], "search-terms": [], "ctags": [{"_type": "tag", "name": "body", "path": "/home/kavia/workspace/code-generation/simple-notes-app-199045-199054/notes_frontend/src/hooks/useNotes.js", "pattern": "/^      body: '',$/", "language": "JavaScript", "kind": "property", "scope": "useNotes.newNote", "scopeKind": "class"}, {"_type": "tag", "name": "createdAt", "path": "/home/kavia/workspace/code-generation/simple-notes-app-199045-199054/notes_frontend/src/hooks/useNotes.js", "pattern": "/^      createdAt,$/", "language": "JavaScript", "kind": "field", "scope": "useNotes.newNote", "scopeKind": "class"}, {"_type": "tag", "name": "id", "path": "/home/kavia/workspace/code-generation/simple-notes-app-199045-199054/notes_frontend/src/hooks/useNotes.js", "pattern": "/^      id: makeId(),$/", "language": "JavaScript", "kind": "property", "scope": "useNotes.newNote", "scopeKind": "class"}, {"_type": "tag", "name": "makeId", "path": "/home/kavia/workspace/code-generation/simple-notes-app-199045-199054/notes_frontend/src/hooks/useNotes.js", "pattern": "/^function makeId() {$/", "language": "JavaScript", "kind": "function", "signature": "()"}, {"_type": "tag", "name": "newNote", "path": "/home/kavia/workspace/code-generation/simple-notes-app-199045-199054/notes_frontend/src/hooks/useNotes.js", "pattern": "/^    const newNote = {$/", "language": "JavaScript", "kind": "class", "scope": "useNotes", "scopeKind": "class"}, {"_type": "tag", "name": "normalizeQuery", "path": "/home/kavia/workspace/code-generation/simple-notes-app-199045-199054/notes_frontend/src/hooks/useNotes.js", "pattern": "/^function normalizeQuery(q) {$/", "language": "JavaScript", "kind": "function", "signature": "(q)"}, {"_type": "tag", "name": "noteMatchesQuery", "path": "/home/kavia/workspace/code-generation/simple-notes-app-199045-199054/notes_frontend/src/hooks/useNotes.js", "pattern": "/^function noteMatchesQuery(note, query) {$/", "language": "JavaScript", "kind": "function", "signature": "(note, query)"}, {"_type": "tag", "name": "nowIso", "path": "/home/kavia/workspace/code-generation/simple-notes-app-199045-199054/notes_frontend/src/hooks/useNotes.js", "pattern": "/^function nowIso() {$/", "language": "JavaScript", "kind": "function", "signature": "()"}, {"_type": "tag", "name": "title", "path": "/home/kavia/workspace/code-generation/simple-notes-app-199045-199054/notes_frontend/src/hooks/useNotes.js", "pattern": "/^      title: 'Untitled',$/", "language": "JavaScript", "kind": "property", "scope": "useNotes.newNote", "scopeKind": "class"}, {"_type": "tag", "name": "useNotes", "path": "/home/kavia/workspace/code-generation/simple-notes-app-199045-199054/notes_frontend/src/hooks/useNotes.js", "pattern": "/^export function useNotes(notes, setNotes) {$/", "language": "JavaScript", "kind": "function", "signature": "(notes, setNotes)"}], "format": "JavaScript", "hash": "ba0ec6e3dae91928c2c7874db7f87b73", "format-version": 4, "code-base-name": "notes_frontend", "filename": "notes_frontend/src/hooks/useNotes.js", "knowledge_revision": 27}