{"is_source_file": false, "format": "", "description": "", "external_files": [], "external_methods": [], "published": [], "classes": [], "methods": [], "calls": [], "search-terms": [], "state": 2, "file_id": 3, "knowledge_revision": 15, "git_revision": "3523bb550b87eec32b85a03cf14ea25251aab8c2", "hash": "ebece526bc2eadd78ddd787a76c56607", "format-version": 4, "code-base-name": "notes_frontend", "filename": "notes_frontend/README.md", "revision_history": [{"15": "3523bb550b87eec32b85a03cf14ea25251aab8c2"}]}