{"is_source_file": true, "format": "JavaScript (React JSX)", "description": "This file defines a React component called NotesList that renders a list of notes with search, sorting, and add/delete functionalities. It includes UI elements like SearchBar, NoteItem, and EmptyState, and handles user interactions for note selection, sorting, and creation.", "external_files": ["./EmptyState", "./NoteItem", "./SearchBar"], "external_methods": [], "published": ["default"], "classes": [], "methods": [{"name": "NotesList({ notes, selectedId, onSelect, query, onQueryChange, sort, onSortChange, onAddNote, onDeleteNote, })", "description": "React functional component rendering the list of notes with search, sort, add, and delete functionalities.", "scope": "", "scopeKind": ""}], "calls": ["React", "EmptyState", "NoteItem", "SearchBar", "onQueryChange", "onSortChange", "onAddNote", "onSelect", "onDeleteNote"], "search-terms": ["NotesList", "NoteItem", "EmptyState", "SearchBar", "notes", "sorting", "adding notes", "deleting notes", "React component"], "state": 2, "file_id": 19, "knowledge_revision": 45, "git_revision": "91d8f4f060d5ec14775043c323f8b14201056d7c", "ctags": [{"_type": "tag", "name": "NotesList", "path": "/home/kavia/workspace/code-generation/simple-notes-app-199045-199054/notes_frontend/src/components/NotesList.js", "pattern": "/^export default function NotesList({$/", "language": "JavaScript", "kind": "function", "signature": "({ notes, selectedId, onSelect, query, onQueryChange, sort, onSortChange, onAddNote, onDeleteNote, })"}, {"_type": "tag", "name": "sort", "path": "/home/kavia/workspace/code-generation/simple-notes-app-199045-199054/notes_frontend/src/components/NotesList.js", "pattern": "/^            value={sort}$/", "language": "JavaScript", "kind": "field", "scope": "NotesList.value", "scopeKind": "class"}], "hash": "13d9d97c03c6f7485683dd4088dc756f", "format-version": 4, "code-base-name": "notes_frontend", "filename": "notes_frontend/src/components/NotesList.js", "fields": [{"name": "value={sort}", "scope": "NotesList.value", "scopeKind": "class", "description": "unavailable"}], "revision_history": [{"45": "91d8f4f060d5ec14775043c323f8b14201056d7c"}]}