{"is_source_file": true, "file_id": 13, "git_revision": "", "state": 1, "description": "", "external_files": [], "external_methods": [], "published": [], "classes": [], "methods": [], "calls": [], "search-terms": [], "ctags": [{"_type": "tag", "name": "readJson", "path": "/home/kavia/workspace/code-generation/simple-notes-app-199045-199054/notes_frontend/src/hooks/useLocalStorage.js", "pattern": "/^function readJson(key, defaultValue) {$/", "language": "JavaScript", "kind": "function", "signature": "(key, defaultValue)"}, {"_type": "tag", "name": "useLocalStorage", "path": "/home/kavia/workspace/code-generation/simple-notes-app-199045-199054/notes_frontend/src/hooks/useLocalStorage.js", "pattern": "/^export function useLocalStorage(key, defaultValue) {$/", "language": "JavaScript", "kind": "function", "signature": "(key, defaultValue)"}, {"_type": "tag", "name": "writeJson", "path": "/home/kavia/workspace/code-generation/simple-notes-app-199045-199054/notes_frontend/src/hooks/useLocalStorage.js", "pattern": "/^function writeJson(key, value) {$/", "language": "JavaScript", "kind": "function", "signature": "(key, value)"}], "format": "JavaScript", "hash": "0a650abf56ccaeb49c1eea9fca201899", "format-version": 4, "code-base-name": "notes_frontend", "filename": "notes_frontend/src/hooks/useLocalStorage.js", "knowledge_revision": 26}