{"is_source_file": true, "format": "JavaScript (React Hook)", "description": "This file defines a custom React hook `useLocalStorage` that manages a state synchronized with localStorage, including safe JSON parsing, updating, and cross-tab synchronization via the storage event.", "external_files": ["react", "window.localStorage"], "external_methods": ["React.useEffect", "React.useState", "window.localStorage.getItem", "window.localStorage.setItem", "window.addEventListener", "window.removeEventListener"], "published": ["useLocalStorage"], "classes": [], "methods": [{"name": "readJson(key, defaultValue)", "description": "Safely parses JSON data from localStorage for a given key, returning defaultValue if parsing fails or data is missing.", "scope": "", "scopeKind": ""}, {"name": "writeJson(key, value)", "description": "Serializes a value to JSON and stores it in localStorage under the specified key.", "scope": "", "scopeKind": ""}, {"name": "useLocalStorage(key, defaultValue)", "description": "React hook that initializes state from localStorage and keeps it synchronized, updating localStorage on state change and listening to cross-tab updates.", "scope": "", "scopeKind": ""}], "calls": ["readJson(key, defaultValue)", "writeJson(key, value)", "window.localStorage.getItem", "window.localStorage.setItem", "setValue(readJson(key, defaultValue))", "window.addEventListener('storage', onStorage)", "window.removeEventListener('storage', onStorage)"], "search-terms": ["React", "useLocalStorage", "localStorage synchronization", "persist state", "cross-tab storage"], "state": 2, "file_id": 13, "knowledge_revision": 32, "git_revision": "91d8f4f060d5ec14775043c323f8b14201056d7c", "ctags": [{"_type": "tag", "name": "readJson", "path": "/home/kavia/workspace/code-generation/simple-notes-app-199045-199054/notes_frontend/src/hooks/useLocalStorage.js", "pattern": "/^function readJson(key, defaultValue) {$/", "language": "JavaScript", "kind": "function", "signature": "(key, defaultValue)"}, {"_type": "tag", "name": "useLocalStorage", "path": "/home/kavia/workspace/code-generation/simple-notes-app-199045-199054/notes_frontend/src/hooks/useLocalStorage.js", "pattern": "/^export function useLocalStorage(key, defaultValue) {$/", "language": "JavaScript", "kind": "function", "signature": "(key, defaultValue)"}, {"_type": "tag", "name": "writeJson", "path": "/home/kavia/workspace/code-generation/simple-notes-app-199045-199054/notes_frontend/src/hooks/useLocalStorage.js", "pattern": "/^function writeJson(key, value) {$/", "language": "JavaScript", "kind": "function", "signature": "(key, value)"}], "hash": "0a650abf56ccaeb49c1eea9fca201899", "format-version": 4, "code-base-name": "notes_frontend", "filename": "notes_frontend/src/hooks/useLocalStorage.js", "revision_history": [{"32": "91d8f4f060d5ec14775043c323f8b14201056d7c"}]}