{"is_source_file": true, "format": "JavaScript (ES Modules)", "description": "ESLint configuration file defining linting rules, plugins, and environment settings for a JavaScript/React project.", "external_files": ["@eslint/js", "eslint-plugin-react"], "external_methods": ["pluginJs", "pluginReact"], "published": [], "classes": [], "methods": [{"name": "default export", "description": "An array of ESLint configuration objects for specifying rules, environment, and plugins."}], "calls": ["pluginJs", "pluginReact", "pluginJs.configs.recommended"], "search-terms": ["eslint", "eslint.config.mjs", "jsx", "react", "linting", "plugin"], "state": 2, "file_id": 6, "knowledge_revision": 18, "git_revision": "3523bb550b87eec32b85a03cf14ea25251aab8c2", "hash": "be6538e7523bc2e9da0743133d784136", "format-version": 4, "code-base-name": "notes_frontend", "filename": "notes_frontend/eslint.config.mjs", "revision_history": [{"18": "3523bb550b87eec32b85a03cf14ea25251aab8c2"}]}