{"is_source_file": true, "format": "JavaScript/React JSX", "description": "This file defines a React functional component named Header that renders the application's header bar, including branding and buttons for adding notes and toggling themes.", "external_files": [], "external_methods": [], "published": ["Header"], "classes": [], "methods": [{"name": "Header({ theme, onToggleTheme, onAddNote })", "description": "React functional component rendering the application's header with theme toggle and add note actions.", "scope": "", "scopeKind": ""}], "calls": ["onAddNote", "onToggleTheme"], "search-terms": ["Header", "React functional component", "theme toggle", "add note button", "Header__logo", "Header__titles"], "state": 2, "file_id": 15, "knowledge_revision": 41, "git_revision": "91d8f4f060d5ec14775043c323f8b14201056d7c", "ctags": [{"_type": "tag", "name": "Header", "path": "/home/kavia/workspace/code-generation/simple-notes-app-199045-199054/notes_frontend/src/components/Header.js", "pattern": "/^export default function Header({ theme, onToggleTheme, onAddNote }) {$/", "language": "JavaScript", "kind": "function", "signature": "({ theme, onToggleTheme, onAddNote })"}, {"_type": "tag", "name": "Switch to ${theme === 'light' ? 'dark' : 'light'} theme", "path": "/home/kavia/workspace/code-generation/simple-notes-app-199045-199054/notes_frontend/src/components/Header.js", "pattern": "/^          aria-label={`Switch to ${theme === 'light' ? 'dark' : 'light'} theme`}$/", "language": "JavaScript", "kind": "field", "scope": "Header.aria", "scopeKind": "class"}, {"_type": "tag", "name": "onToggleTheme", "path": "/home/kavia/workspace/code-generation/simple-notes-app-199045-199054/notes_frontend/src/components/Header.js", "pattern": "/^          onClick={onToggleTheme}$/", "language": "JavaScript", "kind": "field", "scope": "Header.onClick", "scopeKind": "class"}], "hash": "cd5fddf8a405a16405d2df1b138b93be", "format-version": 4, "code-base-name": "notes_frontend", "filename": "notes_frontend/src/components/Header.js", "fields": [{"name": "aria-label={`Switch to ${theme === 'light' ? 'dark' : 'light'} theme`}", "scope": "Header.aria", "scopeKind": "class", "description": "unavailable"}, {"name": "onClick={onToggleTheme}", "scope": "Header.onClick", "scopeKind": "class", "description": "unavailable"}], "revision_history": [{"41": "91d8f4f060d5ec14775043c323f8b14201056d7c"}]}