{"is_source_file": false, "format": null, "description": "", "external_files": [], "external_methods": [], "published": [], "classes": [], "methods": [], "calls": [], "search-terms": ["index.css", "CSS styles", "CSS file", "styles", "frontend styles"], "state": 2, "file_id": 8, "knowledge_revision": 38, "git_revision": "91d8f4f060d5ec14775043c323f8b14201056d7c", "hash": "400e406c0a7cb00d616d2c02a629fab4", "format-version": 4, "code-base-name": "notes_frontend", "filename": "notes_frontend/src/index.css", "revision_history": [{"38": "91d8f4f060d5ec14775043c323f8b14201056d7c"}]}