{"is_source_file": true, "file_id": 15, "git_revision": "", "state": 1, "description": "", "external_files": [], "external_methods": [], "published": [], "classes": [], "methods": [], "calls": [], "search-terms": [], "ctags": [{"_type": "tag", "name": "Header", "path": "/home/kavia/workspace/code-generation/simple-notes-app-199045-199054/notes_frontend/src/components/Header.js", "pattern": "/^export default function Header({ theme, onToggleTheme, onAddNote }) {$/", "language": "JavaScript", "kind": "function", "signature": "({ theme, onToggleTheme, onAddNote })"}, {"_type": "tag", "name": "Switch to ${theme === 'light' ? 'dark' : 'light'} theme", "path": "/home/kavia/workspace/code-generation/simple-notes-app-199045-199054/notes_frontend/src/components/Header.js", "pattern": "/^          aria-label={`Switch to ${theme === 'light' ? 'dark' : 'light'} theme`}$/", "language": "JavaScript", "kind": "field", "scope": "Header.aria", "scopeKind": "class"}, {"_type": "tag", "name": "onToggleTheme", "path": "/home/kavia/workspace/code-generation/simple-notes-app-199045-199054/notes_frontend/src/components/Header.js", "pattern": "/^          onClick={onToggleTheme}$/", "language": "JavaScript", "kind": "field", "scope": "Header.onClick", "scopeKind": "class"}], "format": "JavaScript", "hash": "cd5fddf8a405a16405d2df1b138b93be", "format-version": 4, "code-base-name": "notes_frontend", "filename": "notes_frontend/src/components/Header.js", "knowledge_revision": 28}