{"is_source_file": false, "format": "", "description": "", "external_files": [], "external_methods": [], "published": [], "classes": [], "methods": [], "calls": [], "search-terms": [], "state": 2, "file_id": 2, "knowledge_revision": 40, "git_revision": "91d8f4f060d5ec14775043c323f8b14201056d7c", "hash": "96ccdb7ccd9e99a3d521bf6846d09458", "format-version": 4, "code-base-name": "notes_frontend", "filename": "notes_frontend/package.json", "revision_history": [{"40": "91d8f4f060d5ec14775043c323f8b14201056d7c"}]}